first name,last name
Aaren,Johnson
Aaren,Williams
Aaren,Brown
Aaren,Jones
Aaren,Garcia
Aaren,Miller
Aaren,Davis
Aaren,Rodriguez
Aaren,Martinez
Aaren,Aguirre
Aaren,Lin
Aaren,Cummings
Aaren,Chandler
Aaren,Sharp
Aaren,Barber
Aaren,Bowen
Aaren,Ochoa
Aaren,Dennis
Aaren,Robbins
Aaren,Lowery
Aaren,Sloan
Aaren,Mclean
Aaren,Hendricks
Aaren,Calhoun
Aaren,Sexton
Aaren,Chung
Aaren,Gentry
Aaren,Hull
Aaren,Duarte
Aarika,Smith
Aarika,Johnson
Aarika,Williams
Aarika,Brown
Aarika,Jones
Aarika,Garcia
Aarika,Miller
Aarika,Davis
Aarika,Rodriguez
Aarika,Martinez
Aarika,Aguirre
Aarika,Lin
Aarika,Cummings
Aarika,Chandler
Aarika,Sharp
Aarika,Barber
Aarika,Bowen
Aarika,Ochoa
Aarika,Dennis
Aarika,Robbins
Aarika,Lowery
Aarika,Sloan
Aarika,Mclean
Aarika,Hendricks
Aarika,Calhoun
Aarika,Sexton
Aarika,Chung
Aarika,Gentry
Aarika,Hull
Aarika,Duarte
Abagael,Smith
Abagael,Johnson
Abagael,Williams
Abagael,Brown
Abagael,Jones
Abagael,Garcia
Abagael,Miller
Abagael,Davis
Abagael,Rodriguez
Abagael,Martinez
Abagael,Aguirre
Abagael,Lin
Abagael,Cummings
Abagael,Chandler
Abagael,Sharp
Abagael,Barber
Abagael,Bowen
Abagael,Ochoa
Abagael,Dennis
Abagael,Robbins
Abagael,Lowery
Abagael,Sloan
Abagael,Mclean
Abagael,Hendricks
Abagael,Calhoun
Abagael,Sexton
Abagael,Chung
Abagael,Gentry
Abagael,Hull
Abagael,Duarte
Abagail,Smith
Abagail,Johnson
Abagail,Williams
Abagail,Brown
Abagail,Jones
Abagail,Garcia
Abagail,Miller
Abagail,Davis
Abagail,Rodriguez
Abagail,Martinez
Abagail,Aguirre
Abagail,Lin
Abagail,Cummings
Abagail,Chandler
Abagail,Sharp
Abagail,Barber
Abagail,Bowen
Abagail,Ochoa
Abagail,Dennis
Abagail,Robbins
Abagail,Lowery
Abagail,Sloan
Abagail,Mclean
Abagail,Hendricks
Abagail,Calhoun
Abagail,Sexton
Abagail,Chung
Abagail,Gentry
Abagail,Hull
Abagail,Duarte
Abbe,Smith
Abbe,Johnson
Abbe,Williams
Abbe,Brown
Abbe,Jones
Abbe,Garcia
Abbe,Miller
Abbe,Davis
Abbe,Rodriguez
Abbe,Martinez
Abbe,Aguirre
Abbe,Lin
Abbe,Cummings
Abbe,Chandler
Abbe,Sharp
Abbe,Barber
Abbe,Bowen
Abbe,Ochoa
Abbe,Dennis
Abbe,Robbins
Abbe,Lowery
Abbe,Sloan
Abbe,Mclean
Abbe,Hendricks
Abbe,Calhoun
Abbe,Sexton
Abbe,Chung
Abbe,Gentry
Abbe,Hull
Abbe,Duarte
Becka,Smith
Becka,Johnson
Becka,Williams
Becka,Brown
Becka,Jones
Becka,Garcia
Becka,Miller
Becka,Davis
Becka,Rodriguez
Becka,Martinez
Becka,Aguirre
Becka,Lin
Becka,Cummings
Becka,Chandler
Becka,Sharp
Becka,Barber
Becka,Bowen
Becka,Ochoa
Becka,Dennis
Becka,Robbins
Becka,Lowery
Becka,Sloan
Becka,Mclean
Becka,Hendricks
Becka,Calhoun
Becka,Sexton
Becka,Chung
Becka,Gentry
Becka,Hull
Becka,Duarte
Becki,Smith
Becki,Johnson
Becki,Williams
Becki,Brown
Becki,Jones
Becki,Garcia
Becki,Miller
Becki,Davis
Becki,Rodriguez
Becki,Martinez
Becki,Aguirre
Becki,Lin
Becki,Cummings
Becki,Chandler
Becki,Sharp
Becki,Barber
Becki,Bowen
Becki,Ochoa
Becki,Dennis
Becki,Robbins
Becki,Lowery
Becki,Sloan
Becki,Mclean
Becki,Hendricks
Becki,Calhoun
Becki,Sexton
Becki,Chung
Becki,Gentry
Becki,Hull
Becki,Duarte
Beckie,Smith
Beckie,Johnson
Beckie,Williams
Beckie,Brown
Beckie,Jones
Beckie,Garcia
Beckie,Miller
Beckie,Davis
Beckie,Rodriguez
Beckie,Martinez
Beckie,Aguirre
Beckie,Lin
Beckie,Cummings
Beckie,Chandler
Beckie,Sharp
Beckie,Barber
Beckie,Bowen
Beckie,Ochoa
Beckie,Dennis
Beckie,Robbins
Beckie,Lowery
Beckie,Sloan
Beckie,Mclean
Beckie,Hendricks
Beckie,Calhoun
Beckie,Sexton
Beckie,Chung
Beckie,Gentry
Beckie,Hull
Beckie,Duarte
Becky,Smith
Becky,Johnson
Becky,Williams
Becky,Brown
Becky,Jones
Becky,Garcia
Becky,Miller
Becky,Davis
Becky,Rodriguez
Becky,Martinez
Becky,Aguirre
Becky,Lin
Becky,Cummings
Becky,Chandler
Becky,Sharp
Becky,Barber
Becky,Bowen
Becky,Ochoa
Becky,Dennis
Becky,Robbins
Becky,Lowery
Becky,Sloan
Becky,Mclean
Becky,Hendricks
Becky,Calhoun
Becky,Sexton
Becky,Chung
Becky,Gentry
Becky,Hull
Becky,Duarte
Bee,Smith
Bee,Johnson
Bee,Williams
Bee,Brown
Bee,Jones
Bee,Garcia
Bee,Miller
Bee,Davis
Bee,Rodriguez
Bee,Martinez
Bee,Aguirre
Bee,Lin
Bee,Cummings
Bee,Chandler
Bee,Sharp
Bee,Barber
Bee,Bowen
Bee,Ochoa
Bee,Dennis
Bee,Robbins
Bee,Lowery
Bee,Sloan
Bee,Mclean
Bee,Hendricks
Bee,Calhoun
Bee,Sexton
Bee,Chung
Bee,Gentry
Bee,Hull
Bee,Duarte
Chryste,Smith
Chryste,Johnson
Chryste,Williams
Chryste,Brown
Chryste,Jones
Chryste,Garcia
Chryste,Miller
Chryste,Davis
Chryste,Rodriguez
Chryste,Martinez
Chryste,Aguirre
Chryste,Lin
Chryste,Cummings
Chryste,Chandler
Chryste,Sharp
Chryste,Barber
Chryste,Bowen
Chryste,Ochoa
Chryste,Dennis
Chryste,Robbins
Chryste,Lowery
Chryste,Sloan
Chryste,Mclean
Chryste,Hendricks
Chryste,Calhoun
Chryste,Sexton
Chryste,Chung
Chryste,Gentry
Chryste,Hull
Chryste,Duarte
Chrystel,Smith
Chrystel,Johnson
Chrystel,Williams
Chrystel,Brown
Chrystel,Jones
Chrystel,Garcia
Chrystel,Miller
Chrystel,Davis
Chrystel,Rodriguez
Chrystel,Martinez
Chrystel,Aguirre
Chrystel,Lin
Chrystel,Cummings
Chrystel,Chandler
Chrystel,Sharp
Chrystel,Barber
Chrystel,Bowen
Chrystel,Ochoa
Chrystel,Dennis
Chrystel,Robbins
Chrystel,Lowery
Chrystel,Sloan
Chrystel,Mclean
Chrystel,Hendricks
Chrystel,Calhoun
Chrystel,Sexton
Chrystel,Chung
Chrystel,Gentry
Chrystel,Hull
Chrystel,Duarte
Cicely,Smith
Cicely,Johnson
Cicely,Williams
Cicely,Brown
Cicely,Jones
Cicely,Garcia
Cicely,Miller
Cicely,Davis
Cicely,Rodriguez
Cicely,Martinez
Cicely,Aguirre
Cicely,Lin
Cicely,Cummings
Cicely,Chandler
Cicely,Sharp
Cicely,Barber
Cicely,Bowen
Cicely,Ochoa
Cicely,Dennis
Cicely,Robbins
Cicely,Lowery
Cicely,Sloan
Cicely,Mclean
Cicely,Hendricks
Cicely,Calhoun
Cicely,Sexton
Cicely,Chung
Cicely,Gentry
Cicely,Hull
Cicely,Duarte
Cicily,Smith
Cicily,Johnson
Cicily,Williams
Cicily,Brown
Cicily,Jones
Cicily,Garcia
Cicily,Miller
Cicily,Davis
Cicily,Rodriguez
Cicily,Martinez
Cicily,Aguirre
Cicily,Lin
Cicily,Cummings
Cicily,Chandler
Cicily,Sharp
Cicily,Barber
Cicily,Bowen
Cicily,Ochoa
Cicily,Dennis
Cicily,Robbins
Cicily,Lowery
Cicily,Sloan
Cicily,Mclean
Cicily,Hendricks
Cicily,Calhoun
Cicily,Sexton
Cicily,Chung
Cicily,Gentry
Cicily,Hull
Cicily,Duarte
Ciel,Smith
Ciel,Johnson
Ciel,Williams
Ciel,Brown
Ciel,Jones
Ciel,Garcia
Ciel,Miller
Ciel,Davis
Ciel,Rodriguez
Ciel,Martinez
Ciel,Aguirre
Ciel,Lin
Ciel,Cummings
Ciel,Chandler
Ciel,Sharp
Ciel,Barber
Ciel,Bowen
Ciel,Ochoa
Ciel,Dennis
Ciel,Robbins
Ciel,Lowery
Ciel,Sloan
Ciel,Mclean
Ciel,Hendricks
Ciel,Calhoun
Ciel,Sexton
Ciel,Chung
Ciel,Gentry
Ciel,Hull
Ciel,Duarte
Ealasaid,Smith
Ealasaid,Johnson
Ealasaid,Williams
Ealasaid,Brown
Ealasaid,Jones
Ealasaid,Garcia
Ealasaid,Miller
Ealasaid,Davis
Ealasaid,Rodriguez
Ealasaid,Martinez
Ealasaid,Aguirre
Ealasaid,Lin
Ealasaid,Cummings
Ealasaid,Chandler
Ealasaid,Sharp
Ealasaid,Barber
Ealasaid,Bowen
Ealasaid,Ochoa
Ealasaid,Dennis
Ealasaid,Robbins
Ealasaid,Lowery
Ealasaid,Sloan
Ealasaid,Mclean
Ealasaid,Hendricks
Ealasaid,Calhoun
Ealasaid,Sexton
Ealasaid,Chung
Ealasaid,Gentry
Ealasaid,Hull
Ealasaid,Duarte
Eartha,Smith
Eartha,Johnson
Eartha,Williams
Eartha,Brown
Eartha,Jones
Eartha,Garcia
Eartha,Miller
Eartha,Davis
Eartha,Rodriguez
Eartha,Martinez
Eartha,Aguirre
Eartha,Lin
Eartha,Cummings
Eartha,Chandler
Eartha,Sharp
Eartha,Barber
Eartha,Bowen
Eartha,Ochoa
Eartha,Dennis
Eartha,Robbins
Eartha,Lowery
Eartha,Sloan
Eartha,Mclean
Eartha,Hendricks
Eartha,Calhoun
Eartha,Sexton
Eartha,Chung
Eartha,Gentry
Eartha,Hull
Eartha,Duarte
Easter,Smith
Easter,Johnson
Easter,Williams
Easter,Brown
Easter,Jones
Easter,Garcia
Easter,Miller
Easter,Davis
Easter,Rodriguez
Easter,Martinez
Easter,Aguirre
Easter,Lin
Easter,Cummings
Easter,Chandler
Easter,Sharp
Easter,Barber
Easter,Bowen
Easter,Ochoa
Easter,Dennis
Easter,Robbins
Easter,Lowery
Easter,Sloan
Easter,Mclean
Easter,Hendricks
Easter,Calhoun
Easter,Sexton
Easter,Chung
Easter,Gentry
Easter,Hull
Easter,Duarte
Eba,Smith
Eba,Johnson
Eba,Williams
Eba,Brown
Eba,Jones
Eba,Garcia
Eba,Miller
Eba,Davis
Eba,Rodriguez
Eba,Martinez
Eba,Aguirre
Eba,Lin
Eba,Cummings
Eba,Chandler
Eba,Sharp
Eba,Barber
Eba,Bowen
Eba,Ochoa
Eba,Dennis
Eba,Robbins
Eba,Lowery
Eba,Sloan
Eba,Mclean
Eba,Hendricks
Eba,Calhoun
Eba,Sexton
Eba,Chung
Eba,Gentry
Eba,Hull
Eba,Duarte
Ebba,Smith
Ebba,Johnson
Ebba,Williams
Ebba,Brown
Ebba,Jones
Ebba,Garcia
Ebba,Miller
Ebba,Davis
Ebba,Rodriguez
Ebba,Martinez
Ebba,Aguirre
Ebba,Lin
Ebba,Cummings
Ebba,Chandler
Ebba,Sharp
Ebba,Barber
Ebba,Bowen
Ebba,Ochoa
Ebba,Dennis
Ebba,Robbins
Ebba,Lowery
Ebba,Sloan
Ebba,Mclean
Ebba,Hendricks
Ebba,Calhoun
Ebba,Sexton
Ebba,Chung
Ebba,Gentry
Ebba,Hull
Ebba,Duarte
Giulietta,Smith
Giulietta,Johnson
Giulietta,Williams
Giulietta,Brown
Giulietta,Jones
Giulietta,Garcia
Giulietta,Miller
Giulietta,Davis
Giulietta,Rodriguez
Giulietta,Martinez
Giulietta,Aguirre
Giulietta,Lin
Giulietta,Cummings
Giulietta,Chandler
Giulietta,Sharp
Giulietta,Barber
Giulietta,Bowen
Giulietta,Ochoa
Giulietta,Dennis
Giulietta,Robbins
Giulietta,Lowery
Giulietta,Sloan
Giulietta,Mclean
Giulietta,Hendricks
Giulietta,Calhoun
Giulietta,Sexton
Giulietta,Chung
Giulietta,Gentry
Giulietta,Hull
Giulietta,Duarte
Giustina,Smith
Giustina,Johnson
Giustina,Williams
Giustina,Brown
Giustina,Jones
Giustina,Garcia
Giustina,Miller
Giustina,Davis
Giustina,Rodriguez
Giustina,Martinez
Giustina,Aguirre
Giustina,Lin
Giustina,Cummings
Giustina,Chandler
Giustina,Sharp
Giustina,Barber
Giustina,Bowen
Giustina,Ochoa
Giustina,Dennis
Giustina,Robbins
Giustina,Lowery
Giustina,Sloan
Giustina,Mclean
Giustina,Hendricks
Giustina,Calhoun
Giustina,Sexton
Giustina,Chung
Giustina,Gentry
Giustina,Hull
Giustina,Duarte
Gizela,Smith
Gizela,Johnson
Gizela,Williams
Gizela,Brown
Gizela,Jones
Gizela,Garcia
Gizela,Miller
Gizela,Davis
Gizela,Rodriguez
Gizela,Martinez
Gizela,Aguirre
Gizela,Lin
Gizela,Cummings
Gizela,Chandler
Gizela,Sharp
Gizela,Barber
Gizela,Bowen
Gizela,Ochoa
Gizela,Dennis
Gizela,Robbins
Gizela,Lowery
Gizela,Sloan
Gizela,Mclean
Gizela,Hendricks
Gizela,Calhoun
Gizela,Sexton
Gizela,Chung
Gizela,Gentry
Gizela,Hull
Gizela,Duarte
Glad,Smith
Glad,Johnson
Glad,Williams
Glad,Brown
Glad,Jones
Glad,Garcia
Glad,Miller
Glad,Davis
Glad,Rodriguez
Glad,Martinez
Glad,Aguirre
Glad,Lin
Glad,Cummings
Glad,Chandler
Glad,Sharp
Glad,Barber
Glad,Bowen
Glad,Ochoa
Glad,Dennis
Glad,Robbins
Glad,Lowery
Glad,Sloan
Glad,Mclean
Glad,Hendricks
Glad,Calhoun
Glad,Sexton
Glad,Chung
Glad,Gentry
Glad,Hull
Glad,Duarte
Gladi,Smith
Gladi,Johnson
Gladi,Williams
Gladi,Brown
Gladi,Jones
Gladi,Garcia
Gladi,Miller
Gladi,Davis
Gladi,Rodriguez
Gladi,Martinez
Gladi,Aguirre
Gladi,Lin
Gladi,Cummings
Gladi,Chandler
Gladi,Sharp
Gladi,Barber
Gladi,Bowen
Gladi,Ochoa
Gladi,Dennis
Gladi,Robbins
Gladi,Lowery
Gladi,Sloan
Gladi,Mclean
Gladi,Hendricks
Gladi,Calhoun
Gladi,Sexton
Gladi,Chung
Gladi,Gentry
Gladi,Hull
Gladi,Duarte
Jonell,Smith
Jonell,Johnson
Jonell,Williams
Jonell,Brown
Jonell,Jones
Jonell,Garcia
Jonell,Miller
Jonell,Davis
Jonell,Rodriguez
Jonell,Martinez
Jonell,Aguirre
Jonell,Lin
Jonell,Cummings
Jonell,Chandler
Jonell,Sharp
Jonell,Barber
Jonell,Bowen
Jonell,Ochoa
Jonell,Dennis
Jonell,Robbins
Jonell,Lowery
Jonell,Sloan
Jonell,Mclean
Jonell,Hendricks
Jonell,Calhoun
Jonell,Sexton
Jonell,Chung
Jonell,Gentry
Jonell,Hull
Jonell,Duarte
Joni,Smith
Joni,Johnson
Joni,Williams
Joni,Brown
Joni,Jones
Joni,Garcia
Joni,Miller
Joni,Davis
Joni,Rodriguez
Joni,Martinez
Joni,Aguirre
Joni,Lin
Joni,Cummings
Joni,Chandler
Joni,Sharp
Joni,Barber
Joni,Bowen
Joni,Ochoa
Joni,Dennis
Joni,Robbins
Joni,Lowery
Joni,Sloan
Joni,Mclean
Joni,Hendricks
Joni,Calhoun
Joni,Sexton
Joni,Chung
Joni,Gentry
Joni,Hull
Joni,Duarte
Jonie,Smith
Jonie,Johnson
Jonie,Williams
Jonie,Brown
Jonie,Jones
Jonie,Garcia
Jonie,Miller
Jonie,Davis
Jonie,Rodriguez
Jonie,Martinez
Jonie,Aguirre
Jonie,Lin
Jonie,Cummings
Jonie,Chandler
Jonie,Sharp
Jonie,Barber
Jonie,Bowen
Jonie,Ochoa
Jonie,Dennis
Jonie,Robbins
Jonie,Lowery
Jonie,Sloan
Jonie,Mclean
Jonie,Hendricks
Jonie,Calhoun
Jonie,Sexton
Jonie,Chung
Jonie,Gentry
Jonie,Hull
Jonie,Duarte
Jonis,Smith
Jonis,Johnson
Jonis,Williams
Jonis,Brown
Jonis,Jones
Jonis,Garcia
Jonis,Miller
Jonis,Davis
Jonis,Rodriguez
Jonis,Martinez
Jonis,Aguirre
Jonis,Lin
Jonis,Cummings
Jonis,Chandler
Jonis,Sharp
Jonis,Barber
Jonis,Bowen
Jonis,Ochoa
Jonis,Dennis
Jonis,Robbins
Jonis,Lowery
Jonis,Sloan
Jonis,Mclean
Jonis,Hendricks
Jonis,Calhoun
Jonis,Sexton
Jonis,Chung
Jonis,Gentry
Jonis,Hull
Jonis,Duarte
Jordain,Smith
Jordain,Johnson
Jordain,Williams
Jordain,Brown
Jordain,Jones
Jordain,Garcia
Jordain,Miller
Jordain,Davis
Jordain,Rodriguez
Jordain,Martinez
Jordain,Aguirre
Jordain,Lin
Jordain,Cummings
Jordain,Chandler
Jordain,Sharp
Jordain,Barber
Jordain,Bowen
Jordain,Ochoa
Jordain,Dennis
Jordain,Robbins
Jordain,Lowery
Jordain,Sloan
Jordain,Mclean
Jordain,Hendricks
Jordain,Calhoun
Jordain,Sexton
Jordain,Chung
Jordain,Gentry
Jordain,Hull
Jordain,Duarte
Lilllie,Smith
Lilllie,Johnson
Lilllie,Williams
Lilllie,Brown
Lilllie,Jones
Lilllie,Garcia
Lilllie,Miller
Lilllie,Davis
Lilllie,Rodriguez
Lilllie,Martinez
Lilllie,Aguirre
Lilllie,Lin
Lilllie,Cummings
Lilllie,Chandler
Lilllie,Sharp
Lilllie,Barber
Lilllie,Bowen
Lilllie,Ochoa
Lilllie,Dennis
Lilllie,Robbins
Lilllie,Lowery
Lilllie,Sloan
Lilllie,Mclean
Lilllie,Hendricks
Lilllie,Calhoun
Lilllie,Sexton
Lilllie,Chung
Lilllie,Gentry
Lilllie,Hull
Lilllie,Duarte
Lilly,Smith
Lilly,Johnson
Lilly,Williams
Lilly,Brown
Lilly,Jones
Lilly,Garcia
Lilly,Miller
Lilly,Davis
Lilly,Rodriguez
Lilly,Martinez
Lilly,Aguirre
Lilly,Lin
Lilly,Cummings
Lilly,Chandler
Lilly,Sharp
Lilly,Barber
Lilly,Bowen
Lilly,Ochoa
Lilly,Dennis
Lilly,Robbins
Lilly,Lowery
Lilly,Sloan
Lilly,Mclean
Lilly,Hendricks
Lilly,Calhoun
Lilly,Sexton
Lilly,Chung
Lilly,Gentry
Lilly,Hull
Lilly,Duarte
Lily,Smith
Lily,Johnson
Lily,Williams
Lily,Brown
Lily,Jones
Lily,Garcia
Lily,Miller
Lily,Davis
Lily,Rodriguez
Lily,Martinez
Lily,Aguirre
Lily,Lin
Lily,Cummings
Lily,Chandler
Lily,Sharp
Lily,Barber
Lily,Bowen
Lily,Ochoa
Lily,Dennis
Lily,Robbins
Lily,Lowery
Lily,Sloan
Lily,Mclean
Lily,Hendricks
Lily,Calhoun
Lily,Sexton
Lily,Chung
Lily,Gentry
Lily,Hull
Lily,Duarte
Lilyan,Smith
Lilyan,Johnson
Lilyan,Williams
Lilyan,Brown
Lilyan,Jones
Lilyan,Garcia
Lilyan,Miller
Lilyan,Davis
Lilyan,Rodriguez
Lilyan,Martinez
Lilyan,Aguirre
Lilyan,Lin
Lilyan,Cummings
Lilyan,Chandler
Lilyan,Sharp
Lilyan,Barber
Lilyan,Bowen
Lilyan,Ochoa
Lilyan,Dennis
Lilyan,Robbins
Lilyan,Lowery
Lilyan,Sloan
Lilyan,Mclean
Lilyan,Hendricks
Lilyan,Calhoun
Lilyan,Sexton
Lilyan,Chung
Lilyan,Gentry
Lilyan,Hull
Lilyan,Duarte
Lin,Smith
Lin,Johnson
Lin,Williams
Lin,Brown
Lin,Jones
Lin,Garcia
Lin,Miller
Lin,Davis
Lin,Rodriguez
Lin,Martinez
Lin,Aguirre
Lin,Lin
Lin,Cummings
Lin,Chandler
Lin,Sharp
Lin,Barber
Lin,Bowen
Lin,Ochoa
Lin,Dennis
Lin,Robbins
Lin,Lowery
Lin,Sloan
Lin,Mclean
Lin,Hendricks
Lin,Calhoun
Lin,Sexton
Lin,Chung
Lin,Gentry
Lin,Hull
Lin,Duarte
Merlina,Smith
Merlina,Johnson
Merlina,Williams
Merlina,Brown
Merlina,Jones
Merlina,Garcia
Merlina,Miller
Merlina,Davis
Merlina,Rodriguez
Merlina,Martinez
Merlina,Aguirre
Merlina,Lin
Merlina,Cummings
Merlina,Chandler
Merlina,Sharp
Merlina,Barber
Merlina,Bowen
Merlina,Ochoa
Merlina,Dennis
Merlina,Robbins
Merlina,Lowery
Merlina,Sloan
Merlina,Mclean
Merlina,Hendricks
Merlina,Calhoun
Merlina,Sexton
Merlina,Chung
Merlina,Gentry
Merlina,Hull
Merlina,Duarte
Merline,Smith
Merline,Johnson
Merline,Williams
Merline,Brown
Merline,Jones
Merline,Garcia
Merline,Miller
Merline,Davis
Merline,Rodriguez
Merline,Martinez
Merline,Aguirre
Merline,Lin
Merline,Cummings
Merline,Chandler
Merline,Sharp
Merline,Barber
Merline,Bowen
Merline,Ochoa
Merline,Dennis
Merline,Robbins
Merline,Lowery
Merline,Sloan
Merline,Mclean
Merline,Hendricks
Merline,Calhoun
Merline,Sexton
Merline,Chung
Merline,Gentry
Merline,Hull
Merline,Duarte
Merna,Smith
Merna,Johnson
Merna,Williams
Merna,Brown
Merna,Jones
Merna,Garcia
Merna,Miller
Merna,Davis
Merna,Rodriguez
Merna,Martinez
Merna,Aguirre
Merna,Lin
Merna,Cummings
Merna,Chandler
Merna,Sharp
Merna,Barber
Merna,Bowen
Merna,Ochoa
Merna,Dennis
Merna,Robbins
Merna,Lowery
Merna,Sloan
Merna,Mclean
Merna,Hendricks
Merna,Calhoun
Merna,Sexton
Merna,Chung
Merna,Gentry
Merna,Hull
Merna,Duarte
Merola,Smith
Merola,Johnson
Merola,Williams
Merola,Brown
Merola,Jones
Merola,Garcia
Merola,Miller
Merola,Davis
Merola,Rodriguez
Merola,Martinez
Merola,Aguirre
Merola,Lin
Merola,Cummings
Merola,Chandler
Merola,Sharp
Merola,Barber
Merola,Bowen
Merola,Ochoa
Merola,Dennis
Merola,Robbins
Merola,Lowery
Merola,Sloan
Merola,Mclean
Merola,Hendricks
Merola,Calhoun
Merola,Sexton
Merola,Chung
Merola,Gentry
Merola,Hull
Merola,Duarte
Merralee,Smith
Merralee,Johnson
Merralee,Williams
Merralee,Brown
Merralee,Jones
Merralee,Garcia
Merralee,Miller
Merralee,Davis
Merralee,Rodriguez
Merralee,Martinez
Merralee,Aguirre
Merralee,Lin
Merralee,Cummings
Merralee,Chandler
Merralee,Sharp
Merralee,Barber
Merralee,Bowen
Merralee,Ochoa
Merralee,Dennis
Merralee,Robbins
Merralee,Lowery
Merralee,Sloan
Merralee,Mclean
Merralee,Hendricks
Merralee,Calhoun
Merralee,Sexton
Merralee,Chung
Merralee,Gentry
Merralee,Hull
Merralee,Duarte
Ramona,Smith
Ramona,Johnson
Ramona,Williams
Ramona,Brown
Ramona,Jones
Ramona,Garcia
Ramona,Miller
Ramona,Davis
Ramona,Rodriguez
Ramona,Martinez
Ramona,Aguirre
Ramona,Lin
Ramona,Cummings
Ramona,Chandler
Ramona,Sharp
Ramona,Barber
Ramona,Bowen
Ramona,Ochoa
Ramona,Dennis
Ramona,Robbins
Ramona,Lowery
Ramona,Sloan
Ramona,Mclean
Ramona,Hendricks
Ramona,Calhoun
Ramona,Sexton
Ramona,Chung
Ramona,Gentry
Ramona,Hull
Ramona,Duarte
Ramonda,Smith
Ramonda,Johnson
Ramonda,Williams
Ramonda,Brown
Ramonda,Jones
Ramonda,Garcia
Ramonda,Miller
Ramonda,Davis
Ramonda,Rodriguez
Ramonda,Martinez
Ramonda,Aguirre
Ramonda,Lin
Ramonda,Cummings
Ramonda,Chandler
Ramonda,Sharp
Ramonda,Barber
Ramonda,Bowen
Ramonda,Ochoa
Ramonda,Dennis
Ramonda,Robbins
Ramonda,Lowery
Ramonda,Sloan
Ramonda,Mclean
Ramonda,Hendricks
Ramonda,Calhoun
Ramonda,Sexton
Ramonda,Chung
Ramonda,Gentry
Ramonda,Hull
Ramonda,Duarte
Rana,Smith
Rana,Johnson
Rana,Williams
Rana,Brown
Rana,Jones
Rana,Garcia
Rana,Miller
Rana,Davis
Rana,Rodriguez
Rana,Martinez
Rana,Aguirre
Rana,Lin
Rana,Cummings
Rana,Chandler
Rana,Sharp
Rana,Barber
Rana,Bowen
Rana,Ochoa
Rana,Dennis
Rana,Robbins
Rana,Lowery
Rana,Sloan
Rana,Mclean
Rana,Hendricks
Rana,Calhoun
Rana,Sexton
Rana,Chung
Rana,Gentry
Rana,Hull
Rana,Duarte
Randa,Smith
Randa,Johnson
Randa,Williams
Randa,Brown
Randa,Jones
Randa,Garcia
Randa,Miller
Randa,Davis
Randa,Rodriguez
Randa,Martinez
Randa,Aguirre
Randa,Lin
Randa,Cummings
Randa,Chandler
Randa,Sharp
Randa,Barber
Randa,Bowen
Randa,Ochoa
Randa,Dennis
Randa,Robbins
Randa,Lowery
Randa,Sloan
Randa,Mclean
Randa,Hendricks
Randa,Calhoun
Randa,Sexton
Randa,Chung
Randa,Gentry
Randa,Hull
Randa,Duarte
Randee,Smith
Randee,Johnson
Randee,Williams
Randee,Brown
Randee,Jones
Randee,Garcia
Randee,Miller
Randee,Davis
Randee,Rodriguez
Randee,Martinez
Randee,Aguirre
Randee,Lin
Randee,Cummings
Randee,Chandler
Randee,Sharp
Randee,Barber
Randee,Bowen
Randee,Ochoa
Randee,Dennis
Randee,Robbins
Randee,Lowery
Randee,Sloan
Randee,Mclean
Randee,Hendricks
Randee,Calhoun
Randee,Sexton
Randee,Chung
Randee,Gentry
Randee,Hull
Randee,Duarte
Susette,Smith
Susette,Johnson
Susette,Williams
Susette,Brown
Susette,Jones
Susette,Garcia
Susette,Miller
Susette,Davis
Susette,Rodriguez
Susette,Martinez
Susette,Aguirre
Susette,Lin
Susette,Cummings
Susette,Chandler
Susette,Sharp
Susette,Barber
Susette,Bowen
Susette,Ochoa
Susette,Dennis
Susette,Robbins
Susette,Lowery
Susette,Sloan
Susette,Mclean
Susette,Hendricks
Susette,Calhoun
Susette,Sexton
Susette,Chung
Susette,Gentry
Susette,Hull
Susette,Duarte
Susi,Smith
Susi,Johnson
Susi,Williams
Susi,Brown
Susi,Jones
Susi,Garcia
Susi,Miller
Susi,Davis
Susi,Rodriguez
Susi,Martinez
Susi,Aguirre
Susi,Lin
Susi,Cummings
Susi,Chandler
Susi,Sharp
Susi,Barber
Susi,Bowen
Susi,Ochoa
Susi,Dennis
Susi,Robbins
Susi,Lowery
Susi,Sloan
Susi,Mclean
Susi,Hendricks
Susi,Calhoun
Susi,Sexton
Susi,Chung
Susi,Gentry
Susi,Hull
Susi,Duarte
Susie,Smith
Susie,Johnson
Susie,Williams
Susie,Brown
Susie,Jones
Susie,Garcia
Susie,Miller
Susie,Davis
Susie,Rodriguez
Susie,Martinez
Susie,Aguirre
Susie,Lin
Susie,Cummings
Susie,Chandler
Susie,Sharp
Susie,Barber
Susie,Bowen
Susie,Ochoa
Susie,Dennis
Susie,Robbins
Susie,Lowery
Susie,Sloan
Susie,Mclean
Susie,Hendricks
Susie,Calhoun
Susie,Sexton
Susie,Chung
Susie,Gentry
Susie,Hull
Susie,Duarte
Susy,Smith
Susy,Johnson
Susy,Williams
Susy,Brown
Susy,Jones
Susy,Garcia
Susy,Miller
Susy,Davis
Susy,Rodriguez
Susy,Martinez
Susy,Aguirre
Susy,Lin
Susy,Cummings
Susy,Chandler
Susy,Sharp
Susy,Barber
Susy,Bowen
Susy,Ochoa
Susy,Dennis
Susy,Robbins
Susy,Lowery
Susy,Sloan
Susy,Mclean
Susy,Hendricks
Susy,Calhoun
Susy,Sexton
Susy,Chung
Susy,Gentry
Susy,Hull
Susy,Duarte
Suzann,Smith
Suzann,Johnson
Suzann,Williams
Suzann,Brown
Suzann,Jones
Suzann,Garcia
Suzann,Miller
Suzann,Davis
Suzann,Rodriguez
Suzann,Martinez
Suzann,Aguirre
Suzann,Lin
Suzann,Cummings
Suzann,Chandler
Suzann,Sharp
Suzann,Barber
Suzann,Bowen
Suzann,Ochoa
Suzann,Dennis
Suzann,Robbins
Suzann,Lowery
Suzann,Sloan
Suzann,Mclean
Suzann,Hendricks
Suzann,Calhoun
Suzann,Sexton
Suzann,Chung
Suzann,Gentry
Suzann,Hull
Suzann,Duarte
